"Model","Duration","TokensPerSecond","Prompt","Response"
"gemma2:27b-instruct-fp16","00:09:16.6738672","0.9359063000284678","How to make a sandwich","##  The Art of Sandwich Making: A Step-by-Step Guide\n\nMaking a sandwich is a simple yet satisfying culinary adventure. Here's a basic guide to get you started, with room for endless customization!\n\n**1. Gather Your Ingredients:**\n\n* **Bread:** Choose your favorite type - white, wheat, rye, sourdough, rolls, wraps, etc.\n* **Spread:** Mayonnaise, mustard, hummus, pesto, avocado, cream cheese... the possibilities are endless!\n* **Filling:** This is where you get creative! Think deli meats, cheeses, roasted vegetables, grilled chicken or tofu, eggs, tuna salad, peanut butter and jelly... anything goes!\n* **Extras:** Lettuce, tomato, onion, pickles, sprouts, olives, peppers - add crunch, freshness, and flavor.\n\n**2. Prepare Your Ingredients:**\n\n* Slice your bread if necessary.\n* Wash and chop any vegetables.\n* Cook or prepare your fillings as needed (e.g., grill chicken, roast vegetables).\n\n**3. Assemble Your Sandwich:**\n\n* **Spread:** Apply your chosen spread evenly on one or both slices of bread.\n* **Fillings:** Layer your desired fillings on top of the spread. Start with larger items like meat and cheese, then add smaller ingredients like lettuce and tomato.\n* **Top it off:** Place the other slice of bread on top.\n\n**4. Cut & Serve:**\n\n* Cut your sandwich in half or into triangles for easier eating.\n* Enjoy immediately!\n\n**Tips for Sandwich Success:**\n\n\n* **Toasting:** Toasting your bread adds a delicious crunch and warmth to your sandwich.\n* **Layering:** Don't overload your sandwich, as it may become difficult to eat. Spread fillings evenly and layer ingredients strategically.\n* **Seasoning:** Add salt, pepper, or other seasonings to taste.\n* **Get Creative:** Experiment with different flavor combinations and ingredients! There are no rules when it comes to making a delicious sandwich.\n\n**Bonus Ideas:**\n\n\n* **Grilled Cheese:** Butter the outside of your bread and grill in a pan until golden brown and cheese is melted.\n* **Panini:** Press your sandwich in a panini press for a warm, crispy treat.\n* **Wraps:** Use tortillas instead of bread for a lighter option.\n\n**Happy Sandwich Making!**"
"gemma2:27b-instruct-fp16","00:09:45.3417039","0.9316354672915879","How to make a sandwich with a twist","##  Sandwich with a Twist: Let's Get Creative!\n\nForget boring sandwiches! Here's how to add a twist and elevate your lunchtime game:\n\n**1. Think Beyond Bread:**\n\n* **Wraps:** Use tortillas, lavash bread, or even lettuce leaves for a low-carb option.\n* **Flatbreads:** Pita, naan, or focaccia offer unique flavors and textures.\n* **Croissants:** Elevate your sandwich with buttery, flaky goodness.\n* **Bagels:** Go beyond cream cheese and explore savory fillings.\n\n**2. Unexpected Fillings:**\n\n* **Fruits & Veggies:** Grilled peaches, roasted red peppers, pickled onions, or avocado add sweetness, acidity, and crunch.\n* **Cheese Adventures:** Try smoked gouda, brie with fig jam, or crumbled feta for a tangy kick.\n* **Protein Power-Ups:** Smoked salmon, pulled pork, falafel, or tempeh offer unique flavors and textures.\n\n**3. Sauce it Up:**\n\n* **Homemade Dressings:** Whip up a quick vinaigrette, pesto, or sriracha mayo for an extra flavor punch.\n* **Global Inspiration:** Experiment with chimichurri, tzatziki, or harissa paste for international flair.\n* **Sweet & Savory:** A drizzle of honey mustard or balsamic glaze can add unexpected sweetness.\n\n**4. Texture Play:**\n\n* **Crunchy Elements:** Toasted nuts, crispy onions, or crumbled crackers add satisfying crunch.\n* **Creamy Contrasts:** Avocado slices, hummus, or ricotta cheese provide smooth textures.\n* **Pickled Zing:** Pickled jalapeÃ±os, cucumbers, or carrots offer a tangy bite.\n\n**5. Presentation Matters:**\n\n* **Cut it Up:** Slice your sandwich diagonally for a more elegant look.\n* **Skewer It:** Thread mini sandwiches onto skewers for easy snacking.\n* **Garnish with Flair:** Fresh herbs, edible flowers, or a sprinkle of sesame seeds elevate the visual appeal.\n\n\n\n**Here are some specific ""twist"" ideas:**\n\n* **Mediterranean Pita Pocket:** Hummus, roasted red peppers, feta cheese, Kalamata olives, and fresh parsley in warm pita bread.\n* **Spicy Korean BBQ Wrap:** Bulgogi beef, kimchi, sriracha mayo, and shredded carrots in a tortilla wrap.\n* **Caprese Croissant:** Fresh mozzarella, sliced tomatoes, basil leaves, and balsamic glaze on a buttery croissant.\n\n**Remember:** Don't be afraid to experiment! The best sandwiches are the ones that reflect your personal taste and creativity."
"gemma2:27b-instruct-fp16","00:06:44.9496073","0.9328631245650478","What are the benefits of exercise?","Exercise offers a wide range of benefits for both physical and mental health. Here are some key advantages:\n\n**Physical Benefits:**\n\n* **Improved Cardiovascular Health:** Exercise strengthens your heart and improves blood circulation, reducing the risk of heart disease, stroke, and high blood pressure.\n* **Weight Management:** Regular physical activity helps you burn calories and maintain a healthy weight.\n* **Stronger Bones and Muscles:** Exercise increases bone density and muscle mass, reducing the risk of osteoporosis and falls.\n* **Improved Flexibility and Balance:** Stretching and other exercises enhance flexibility and balance, making everyday activities easier.\n* **Reduced Risk of Chronic Diseases:** Exercise can lower your risk of developing type 2 diabetes, some types of cancer, and arthritis.\n* **Better Sleep:** Regular exercise promotes better sleep quality.\n\n**Mental Benefits:**\n\n* **Reduced Stress and Anxiety:** Exercise releases endorphins, which have mood-boosting effects and reduce stress hormones.\n* **Improved Mood and Self-Esteem:** Physical activity can boost your confidence and self-image.\n* **Sharper Cognitive Function:** Exercise improves blood flow to the brain, enhancing memory, attention, and cognitive function.\n* **Reduced Risk of Depression:** Studies show that exercise can be as effective as medication in treating mild to moderate depression.\n\n**Other Benefits:**\n\n* **Increased Energy Levels:** Regular exercise can combat fatigue and increase your overall energy levels.\n* **Improved Social Connections:** Group exercise classes or team sports can provide opportunities for social interaction.\n* **Enhanced Immune Function:** Moderate exercise can strengthen your immune system.\n\n\nIt's important to consult with a healthcare professional before starting any new exercise program, especially if you have underlying health conditions. They can help you determine the appropriate type and intensity of exercise for your individual needs."
"gemma2:27b-instruct-fp16","00:00:41.2106340","0.9872391117809711","Translate the following English text to French: 'The quick brown fox jumps over the lazy dog.'","Le rapide renard brun saute par-dessus le chien paresseux. \n"
"gemma2:27b-instruct-fp16","00:06:14.1946309","0.9314362447645604","Generate a summary of the book 'To Kill a Mockingbird' by Harper Lee.","""To Kill a Mockingbird"" by Harper Lee is a coming-of-age story set in the racially charged South during the 1930s. Narrated by Scout Finch, a precocious young girl, the novel explores themes of prejudice, justice, and childhood innocence.\n\nScout, her brother Jem, and their friend Dill are fascinated by their reclusive neighbor Boo Radley, who is shrouded in local legend. Meanwhile, their father, Atticus Finch, a respected lawyer, agrees to defend Tom Robinson, a black man falsely accused of raping a white woman.\n\nAs Atticus fights for Tom's innocence, Scout and Jem face the harsh realities of racism and social injustice. They witness firsthand the prejudice and hatred directed towards their father and Tom. Despite overwhelming evidence of Tom's innocence, he is convicted by an all-white jury.\n\nTom is later killed while trying to escape prison, highlighting the tragic consequences of racial inequality. Boo Radley emerges from his seclusion to protect Jem and Scout from Bob Ewell, the vengeful father of the alleged victim.\n\nThrough these experiences, Scout learns valuable lessons about empathy, courage, and the importance of standing up for what is right, even in the face of adversity. The novel ends with Scout gaining a deeper understanding of Boo Radley's character and recognizing the inherent goodness that exists within him.\n\n""To Kill a Mockingbird"" is a powerful and enduring story that continues to resonate with readers today. It serves as a reminder of the importance of fighting for justice, challenging prejudice, and embracing compassion in a world often marked by division and inequality."
"gemma2:27b-instruct-fp16","00:02:43.1344386","0.9376116874551913","Given a list of numbers [1, 2, 3, 4, 5], calculate the average.","Here's how to calculate the average of the list [1, 2, 3, 4, 5]:\n\n**1. Sum the numbers:**\n\n   1 + 2 + 3 + 4 + 5 = 15\n\n**2. Count the numbers in the list:**\n\n   There are 5 numbers in the list.\n\n**3. Divide the sum by the count:**\n\n   15 / 5 = 3\n\n\n**Therefore, the average of the list [1, 2, 3, 4, 5] is 3.** \n"
"gemma2:27b-instruct-fp16","00:08:10.7660579","0.9311692428033872","Create a function that sorts an array of strings in alphabetical order.","```python\ndef sort_strings(string_array):\n  """"""Sorts an array of strings in alphabetical order.\n\n  Args:\n    string_array: A list of strings.\n\n  Returns:\n    A new list with the strings sorted alphabetically.\n  """"""\n  return sorted(string_array)\n\n# Example usage\nstrings = [""banana"", ""apple"", ""cherry"", ""date""]\nsorted_strings = sort_strings(strings)\nprint(sorted_strings)  # Output: ['apple', 'banana', 'cherry', 'date']\n```\n\n**Explanation:**\n\n1. **Function Definition:**\n   - `def sort_strings(string_array):` defines a function named `sort_strings` that takes one argument, `string_array`, which is the list of strings to be sorted.\n\n2. **Sorting:**\n   - `return sorted(string_array)` uses Python's built-in `sorted()` function to sort the input `string_array`. The `sorted()` function returns a new sorted list without modifying the original list.\n\n3. **Example Usage:**\n   - An example list of strings (`strings`) is created.\n   - The `sort_strings` function is called with this list, and the result is stored in `sorted_strings`.\n   - Finally, the sorted list is printed to the console.\n\n**Key Points:**\n\n- **Alphabetical Order:** By default, `sorted()` sorts strings in alphabetical order (lexicographically).\n- **Case Sensitivity:** Sorting is case-sensitive. Uppercase letters come before lowercase letters. You can use `key=str.lower` within `sorted()` to make the sorting case-insensitive.\n- **In-Place vs. New List:** `sorted()` creates a new sorted list, leaving the original list unchanged. If you want to sort the list in place, you can use the `sort()` method of the list object (e.g., `string_array.sort()`).\n\n\n\nLet me know if you have any other questions or would like to explore different sorting options!"
"gemma2:27b-instruct-fp16","00:17:27.5652244","0.9247407840856667","Find the shortest path between two nodes in a graph using Dijkstra's algorithm.","```python\nimport heapq\n\ndef dijkstra(graph, start, end):\n  """"""\n  Finds the shortest path between two nodes in a graph using Dijkstra's algorithm.\n\n  Args:\n    graph: A dictionary representing the graph where keys are nodes and values are dictionaries of neighbors with associated edge weights.\n    start: The starting node.\n    end: The ending node.\n\n  Returns:\n    A tuple containing:\n      - The shortest distance between start and end nodes.\n      - A list of nodes representing the shortest path from start to end.\n    Returns (float('inf'), []) if no path exists.\n  """"""\n\n  distances = {node: float('inf') for node in graph}\n  distances[start] = 0\n  previous_nodes = {node: None for node in graph}\n  priority_queue = [(0, start)]\n\n  while priority_queue:\n    current_distance, current_node = heapq.heappop(priority_queue)\n\n    if current_node == end:\n      path = []\n      while current_node:\n        path.append(current_node)\n        current_node = previous_nodes[current_node]\n      return current_distance, path[::-1]  # Reverse the path\n\n    if current_distance > distances[current_node]:\n      continue\n\n    for neighbor, weight in graph[current_node].items():\n      new_distance = current_distance + weight\n      if new_distance < distances[neighbor]:\n        distances[neighbor] = new_distance\n        previous_nodes[neighbor] = current_node\n        heapq.heappush(priority_queue, (new_distance, neighbor))\n\n  return float('inf'), []  # No path found\n\n\n# Example usage:\ngraph = {\n    'A': {'B': 1, 'C': 4},\n    'B': {'A': 1, 'C': 2, 'D': 5},\n    'C': {'A': 4, 'B': 2, 'D': 1},\n    'D': {'B': 5, 'C': 1}\n}\n\nstart_node = 'A'\nend_node = 'D'\n\nshortest_distance, shortest_path = dijkstra(graph, start_node, end_node)\n\nif shortest_distance != float('inf'):\n  print(f""Shortest distance from {start_node} to {end_node}: {shortest_distance}"")\n  print(f""Shortest path: {shortest_path}"")\nelse:\n  print(f""No path found from {start_node} to {end_node}"")\n\n```\n\n**Explanation:**\n\n1. **Initialization:**\n   - `distances`: A dictionary to store the shortest distance from the start node to each node. Initialized with infinity for all nodes except the start node, which is set to 0.\n   - `previous_nodes`: A dictionary to keep track of the previous node in the shortest path to each node.\n\n2. **Priority Queue:**\n   - Uses a min-heap (`priority_queue`) to efficiently retrieve the node with the smallest distance from the start node.\n\n3. **Iteration:**\n   - The algorithm iterates until the priority queue is empty.\n   - In each iteration:\n     - It extracts the node with the smallest distance (`current_node`) from the priority queue.\n     - If `current_node` is the end node, it reconstructs the shortest path by backtracking through `previous_nodes` and returns the distance and path.\n     - If the current distance to `current_node` is greater than the known shortest distance (`distances[current_node]`), it skips this node (already found a shorter path).\n     - Otherwise, it explores neighbors of `current_node`:\n       - Calculates the new distance to each neighbor.\n       - If the new distance is shorter than the current shortest distance to the neighbor, it updates `distances`, `previous_nodes`, and adds the neighbor to the priority queue.\n\n4. **No Path:**\n   - If the loop completes without finding the end node, it means there's no path from start to end, so it returns infinity for distance and an empty list for the path.\n\n\n\nLet me know if you have any other questions or would like to see examples with different graphs!"
"gemma2:27b-instruct-fp16","00:17:03.8849076","0.9251818998003496","Design a database schema for an online shopping system.","## Online Shopping System Database Schema\n\nThis schema is designed to be flexible and scalable, accommodating various product types, user roles, and order management features.\n\n**Tables:**\n\n1. **Users:**\n\n   - `user_id` (INT, PRIMARY KEY)\n   - `username` (VARCHAR(255), UNIQUE)\n   - `email` (VARCHAR(255), UNIQUE)\n   - `password` (VARCHAR(255))\n   - `first_name` (VARCHAR(255))\n   - `last_name` (VARCHAR(255))\n   - `address` (TEXT)\n   - `phone_number` (VARCHAR(20))\n   - `role` (ENUM('customer', 'admin'))\n   - `created_at` (TIMESTAMP DEFAULT CURRENT_TIMESTAMP)\n\n2. **Products:**\n\n   - `product_id` (INT, PRIMARY KEY)\n   - `name` (VARCHAR(255))\n   - `description` (TEXT)\n   - `price` (DECIMAL(10, 2))\n   - `category_id` (INT, FOREIGN KEY REFERENCES Categories(category_id))\n   - `image_url` (VARCHAR(255))\n   - `stock_quantity` (INT)\n   - `created_at` (TIMESTAMP DEFAULT CURRENT_TIMESTAMP)\n\n3. **Categories:**\n\n   - `category_id` (INT, PRIMARY KEY)\n   - `name` (VARCHAR(255))\n   - `parent_category_id` (INT, FOREIGN KEY REFERENCES Categories(category_id))\n\n4. **Orders:**\n\n   - `order_id` (INT, PRIMARY KEY)\n   - `user_id` (INT, FOREIGN KEY REFERENCES Users(user_id))\n   - `order_date` (TIMESTAMP DEFAULT CURRENT_TIMESTAMP)\n   - `total_amount` (DECIMAL(10, 2))\n   - `status` (ENUM('pending', 'processing', 'shipped', 'delivered', 'cancelled'))\n\n5. **Order Items:**\n\n   - `order_item_id` (INT, PRIMARY KEY)\n   - `order_id` (INT, FOREIGN KEY REFERENCES Orders(order_id))\n   - `product_id` (INT, FOREIGN KEY REFERENCES Products(product_id))\n   - `quantity` (INT)\n   - `price` (DECIMAL(10, 2))\n\n6. **Payments:**\n\n   - `payment_id` (INT, PRIMARY KEY)\n   - `order_id` (INT, FOREIGN KEY REFERENCES Orders(order_id))\n   - `payment_method` (ENUM('credit card', 'paypal', 'cash on delivery'))\n   - `transaction_id` (VARCHAR(255))\n   - `amount` (DECIMAL(10, 2))\n   - `created_at` (TIMESTAMP DEFAULT CURRENT_TIMESTAMP)\n\n7. **Reviews:**\n\n   - `review_id` (INT, PRIMARY KEY)\n   - `user_id` (INT, FOREIGN KEY REFERENCES Users(user_id))\n   - `product_id` (INT, FOREIGN KEY REFERENCES Products(product_id))\n   - `rating` (INT)\n   - `comment` (TEXT)\n   - `created_at` (TIMESTAMP DEFAULT CURRENT_TIMESTAMP)\n\n**Relationships:**\n\n- **One-to-Many:**\n    - Users to Orders\n    - Products to Order Items\n    - Categories to Products\n    - Orders to Order Items\n    - Orders to Payments\n    - Products to Reviews\n- **Many-to-Many:**\n    - Users to Roles (using a junction table)\n\n**Additional Considerations:**\n\n\n* **Product Variations:** Implement a separate table for product variations (size, color, etc.) and link them to the main Products table.\n* **Shipping Information:** Add a Shipping table to store shipping address details for each order.\n* **Discounts and Promotions:** Create tables for discounts, coupons, and promotions with relationships to products or orders.\n* **Inventory Management:** Implement features for tracking stock levels, reordering points, and supplier information.\n\nThis schema provides a solid foundation for building a robust online shopping system. You can customize it further based on your specific requirements and business logic."
"gemma2:27b-instruct-fp16","00:08:01.0103121","0.9311510901894642","Explain the concept of quantum entanglement","Imagine two coins, magically linked. When you flip one and it lands on heads, you instantly know the other coin landed on tails, no matter how far apart they are. This ""spooky action at a distance,"" as Einstein called it, is the essence of **quantum entanglement**.\n\nHere's a breakdown:\n\n**What is it?**\n\nQuantum entanglement is a phenomenon where two or more particles become interconnected, even when separated by vast distances. Their fates are intertwined, meaning the state of one particle instantly influences the state of the other(s).\n\n**How does it work?**\n\n* **Superposition:** In the quantum world, particles can exist in multiple states at once (like our coin being both heads and tails simultaneously).\n* **Entanglement:** When two particles become entangled, their individual superpositions become linked. Measuring one particle's state collapses its superposition, instantly determining the state of the other entangled particle, regardless of distance.\n\n**Example:**\n\nImagine two entangled electrons, one spinning ""up"" and the other ""down."" If you measure one electron and find it spinning ""up,"" you instantly know the other electron is spinning ""down,"" even if it's light-years away.\n\n**Key Points:**\n\n* **Instantaneous correlation:** The connection between entangled particles is instantaneous, seemingly defying the speed of light limit.\n* **No information transfer:** While entanglement allows for instant correlation, it cannot be used to send information faster than light. Measuring one particle doesn't allow you to control the outcome of the other.\n* **Fundamental to quantum mechanics:** Entanglement is a cornerstone of quantum theory and has profound implications for our understanding of reality.\n\n**Applications:**\n\nQuantum entanglement has exciting potential applications in:\n\n* **Quantum computing:** Building powerful computers that leverage superposition and entanglement for complex calculations.\n* **Quantum cryptography:** Creating ultra-secure communication channels based on the principles of entanglement.\n* **Teleportation:** Not Star Trek style teleportation, but transferring quantum information between particles using entanglement.\n\n\nWhile still a mysterious phenomenon, quantum entanglement is a fascinating example of the strange and wonderful world of quantum mechanics."
"gemma2:27b-instruct-fp16","00:08:40.5136291","0.931051925948917","How does the human brain process emotions?","The processing of emotions in the human brain is a complex and multifaceted process involving multiple interconnected brain regions. Here's a simplified explanation:\n\n**1. Sensory Input:** Emotions are often triggered by external stimuli, such as sights, sounds, smells, or touch. These sensory inputs are received by the corresponding sensory organs and relayed to the thalamus, which acts as a relay station for sensory information.\n\n**2. Amygdala:** The amygdala, an almond-shaped structure deep within the brain, plays a crucial role in processing emotions, particularly fear and threat detection. It receives input from the thalamus and rapidly evaluates the emotional significance of stimuli. If a stimulus is perceived as threatening, the amygdala triggers a ""fight-or-flight"" response.\n\n**3. Hippocampus:** The hippocampus is involved in memory formation and retrieval. It helps to associate emotions with specific experiences and contexts. This allows us to learn from past emotional events and anticipate future ones.\n\n**4. Prefrontal Cortex:** The prefrontal cortex, located at the front of the brain, is responsible for higher-level cognitive functions, such as planning, decision-making, and emotional regulation. It receives input from the amygdala and other emotional centers and helps to modulate emotional responses.\n\n**5. Hypothalamus:** The hypothalamus regulates physiological responses associated with emotions, such as changes in heart rate, breathing, and hormone release.\n\n**6. Neurotransmitters:** Various neurotransmitters, including dopamine, serotonin, norepinephrine, and oxytocin, play important roles in regulating emotions. Imbalances in these neurotransmitters can contribute to mood disorders.\n\n**Emotional Processing Pathways:**\n\nThere are two main pathways for emotional processing:\n\n* **Fast pathway:** This pathway involves direct connections between the thalamus and amygdala, allowing for rapid, instinctive emotional responses.\n* **Slow pathway:** This pathway involves input from the thalamus to the sensory cortex and then to the prefrontal cortex and amygdala. This slower pathway allows for more conscious and deliberate processing of emotions.\n\n**Individual Differences:**\n\nEmotional processing can vary significantly between individuals due to factors such as genetics, personality, experiences, and cultural influences.\n\n\nIt's important to note that this is a simplified explanation of a very complex process. Researchers are still uncovering the intricacies of how the brain processes emotions."
"gemma2:27b-instruct-fp16","00:07:21.2309400","0.9309392449452477","Describe the process of photosynthesis in plants","Photosynthesis is like a plant's way of making food using sunlight. Here's a breakdown of the process:\n\n**1. Capturing Sunlight:**\n\n* Plants have special cells called **chloroplasts** that contain a green pigment called **chlorophyll**. \n* Chlorophyll absorbs light energy from the sun, primarily in the red and blue wavelengths.\n\n**2. Taking in Ingredients:**\n\n* Plants absorb **carbon dioxide (CO2)** from the air through tiny openings on their leaves called **stomata**.\n* They also take up **water (H2O)** from the soil through their roots.\n\n**3. The Light-Dependent Reactions:**\n\n* This stage happens within the chloroplasts' thylakoid membranes.\n* The absorbed light energy is used to split water molecules into **oxygen (O2)**, **hydrogen ions (H+)**, and **electrons**.\n* Oxygen is released as a byproduct.\n* The electrons are passed along an electron transport chain, generating energy in the form of **ATP** (adenosine triphosphate) and **NADPH** (nicotinamide adenine dinucleotide phosphate).\n\n**4. The Calvin Cycle (Light-Independent Reactions):**\n\n* This stage takes place in the chloroplasts' stroma (the fluid surrounding the thylakoids).\n* Using the energy from ATP and NADPH, carbon dioxide is fixed into organic molecules through a series of chemical reactions.\n* This process ultimately produces **glucose (C6H12O6)**, a simple sugar that serves as the plant's primary source of energy.\n\n**In Summary:**\n\nPhotosynthesis converts light energy into chemical energy stored in glucose. The overall equation for photosynthesis is:\n\n**6CO2 + 6H2O + Light Energy â†’ C6H12O6 + 6O2**\n\n\nLet me know if you'd like more detail on any specific part of the process!"
"gemma2:27b-instruct-fp16","00:11:24.8263873","0.928193177420471","Discuss the impact of climate change on biodiversity","## The Devastating Impact of Climate Change on Biodiversity\n\nClimate change is a significant and growing threat to biodiversity, impacting species and ecosystems worldwide. \n\nHere's a breakdown of its multifaceted effects:\n\n**1. Habitat Loss and Fragmentation:**\n\n* **Rising sea levels:** Inundate coastal habitats like mangroves, salt marshes, and coral reefs, displacing countless species.\n* **Changing precipitation patterns:** Lead to droughts in some areas and floods in others, altering landscapes and making them unsuitable for certain species.\n* **Melting glaciers and permafrost:** Destroy unique alpine and arctic ecosystems, threatening specialized flora and fauna.\n\n**2. Altered Species Interactions:**\n\n* **Shifting ranges:** As temperatures rise, species migrate towards cooler regions, disrupting established food webs and predator-prey relationships. This can lead to imbalances and extinctions.\n* **Phenological mismatches:** Climate change alters the timing of biological events like flowering, migration, and breeding. When these events no longer coincide, it disrupts crucial interactions between species, impacting pollination, seed dispersal, and food availability.\n\n**3. Increased Stress and Vulnerability:**\n\n* **Extreme weather events:** Heatwaves, droughts, wildfires, and storms become more frequent and intense, directly killing organisms and weakening their resilience to other threats.\n* **Ocean acidification:** Absorbing excess CO2 from the atmosphere makes oceans more acidic, harming marine life like corals, shellfish, and plankton, which form the base of many food chains.\n\n**4. Spread of Invasive Species and Diseases:**\n\n* **Warmer temperatures:** Create favorable conditions for invasive species to thrive and outcompete native species, disrupting ecosystems.\n* **Changing climate patterns:** Can expand the range of disease vectors like mosquitoes, increasing the spread of diseases that threaten wildlife populations.\n\n**Consequences for Humanity:**\n\nThe loss of biodiversity has profound consequences for human well-being:\n\n* **Food security:** Declines in pollinators and fish stocks threaten food production.\n* **Water resources:** Degradation of watersheds and wetlands reduces water quality and availability.\n* **Medicine and biotechnology:** Loss of species means losing potential sources of new medicines and biotechnologies.\n* **Cultural and aesthetic value:** Biodiversity enriches our lives and inspires us, its loss diminishes our cultural heritage.\n\n**Mitigating the Impact:**\n\n\nAddressing climate change is crucial to protecting biodiversity. This requires:\n\n* **Reducing greenhouse gas emissions:** Transitioning to renewable energy sources, improving energy efficiency, and promoting sustainable land use practices.\n* **Protecting and restoring habitats:** Creating protected areas, restoring degraded ecosystems, and establishing wildlife corridors to facilitate species movement.\n* **Managing invasive species:** Preventing the introduction of new invasive species and controlling existing populations.\n* **Promoting sustainable agriculture and forestry:** Practices that minimize habitat destruction and promote biodiversity conservation.\n\n**Conclusion:**\n\nClimate change poses a grave threat to biodiversity, with cascading effects on ecosystems and human well-being. Urgent action is needed to mitigate climate change and protect the planet's precious biodiversity for present and future generations."
"gemma2:27b-instruct-fp16","00:09:22.9692752","0.9289952669118984","Explain the theory of relativity","##  Einstein's Theory of Relativity: A Simplified Explanation\n\nAlbert Einstein's theory of relativity is actually two theories: **special relativity** and **general relativity**. \n\n**1. Special Relativity (1905):**\n\nThis theory deals with the relationship between space and time. Its main postulates are:\n\n* **The laws of physics are the same for all observers in uniform motion.** This means that there is no absolute frame of reference, and experiments will yield the same results regardless of whether you're standing still or moving at a constant speed.\n* **The speed of light in a vacuum is the same for all observers, regardless of the motion of the light source.** This seemingly simple statement has profound consequences.\n\n**Key Consequences of Special Relativity:**\n\n* **Time dilation:** Time slows down for objects moving at high speeds relative to a stationary observer. The faster you move, the slower time passes for you.\n* **Length contraction:** Objects appear shorter in the direction of motion when observed from a stationary frame of reference.\n* **Mass-energy equivalence (E=mcÂ²):** Mass and energy are interchangeable. A small amount of mass can be converted into a tremendous amount of energy, as seen in nuclear reactions.\n\n**2. General Relativity (1915):**\n\nThis theory extends special relativity to include gravity. It proposes that:\n\n* **Gravity is not a force but a curvature of spacetime caused by the presence of mass and energy.** Imagine a bowling ball placed on a trampoline; it creates a dip, causing nearby objects to roll towards it. Similarly, massive objects warp spacetime, influencing the motion of other objects.\n* **The path of light is bent by gravity.** This phenomenon, called gravitational lensing, has been observed astronomically.\n\n**Key Consequences of General Relativity:**\n\n* **Gravitational time dilation:** Time slows down in stronger gravitational fields. Clocks run slower near massive objects like black holes.\n* **Black holes:** Regions of spacetime where gravity is so strong that nothing, not even light, can escape.\n* **Expansion of the universe:** General relativity predicts that the universe is expanding, which has been confirmed by astronomical observations.\n\n**In a Nutshell:**\n\nEinstein's theory of relativity revolutionized our understanding of space, time, gravity, and the universe. It has had profound implications for cosmology, astrophysics, and technology, including GPS navigation systems.\n\n\nLet me know if you have any specific questions about particular aspects of the theory!"
"gemma2:27b-instruct-fp16","00:09:24.9592880","0.9301048623610428","What are the ethical implications of artificial intelligence?","The ethical implications of artificial intelligence (AI) are vast and complex, sparking ongoing debate among researchers, policymakers, and the general public. Here's a breakdown of some key concerns:\n\n**1. Bias and Discrimination:**\n\n* AI algorithms learn from data, and if that data reflects existing societal biases, the AI will perpetuate and potentially amplify those biases. This can lead to discriminatory outcomes in areas like hiring, lending, criminal justice, and healthcare.\n* **Example:** A facial recognition system trained on a dataset predominantly featuring white faces may be less accurate at identifying people of color.\n\n**2. Privacy and Surveillance:**\n\n* AI-powered systems can collect, analyze, and store vast amounts of personal data, raising concerns about privacy violations and the potential for misuse.\n* Facial recognition technology, for example, enables mass surveillance and tracking of individuals without their consent.\n\n**3. Job Displacement:**\n\n* As AI automates tasks previously performed by humans, there are fears of widespread job losses and economic inequality.\n* It's crucial to consider how to mitigate the negative impacts on workers and ensure a just transition to an AI-driven economy.\n\n**4. Accountability and Transparency:**\n\n* When AI systems make decisions that impact people's lives, it's essential to understand how those decisions are made and who is responsible for them.\n* The ""black box"" nature of some AI algorithms makes it difficult to interpret their reasoning, raising concerns about accountability and transparency.\n\n**5. Weaponization:**\n\n* The development of autonomous weapons systems powered by AI raises serious ethical questions about the potential for unintended consequences and loss of human control over lethal force.\n\n**6. Existential Risk:**\n\n* Some experts warn that advanced AI could pose an existential threat to humanity if it surpasses human intelligence and becomes uncontrollable. This is a highly debated topic with no easy answers.\n\n**Addressing these Ethical Challenges:**\n\nDeveloping ethical guidelines and regulations for AI is crucial. This involves:\n\n* **Promoting fairness and mitigating bias in algorithms.**\n* **Protecting privacy and ensuring responsible data use.**\n* **Preparing the workforce for the changes brought by AI.**\n* **Ensuring transparency and accountability in AI decision-making.**\n* **Establishing international agreements to prevent the weaponization of AI.**\n* **Fostering ongoing dialogue and collaboration among stakeholders.**\n\nThe ethical implications of AI are profound and require careful consideration. By proactively addressing these challenges, we can harness the power of AI for good while minimizing its potential harms."
"gemma2:27b-instruct-fp16","00:10:53.8903701","0.9295422994184546","How to bake a chocolate cake","##  Decadent Chocolate Cake Recipe\n\nThis recipe makes a classic, moist chocolate cake perfect for birthdays or any celebration!\n\n**Ingredients:**\n\n* **For the Cake:**\n    * 2 cups all-purpose flour\n    * 2 cups granulated sugar\n    * Â¾ cup unsweetened cocoa powder\n    * 1 Â½ teaspoons baking soda\n    * 1 teaspoon baking powder\n    * 1 teaspoon salt\n    * 1 cup buttermilk\n    * Â½ cup vegetable oil\n    * 2 large eggs\n    * 1 teaspoon vanilla extract\n    * 1 cup boiling water\n\n* **For the Frosting:**\n    * 1 cup unsalted butter, softened\n    * 3 cups powdered sugar\n    * Â¾ cup unsweetened cocoa powder\n    * Â½ cup milk\n    * 1 teaspoon vanilla extract\n\n**Instructions:**\n\n**1. Prepare the Oven and Pans:**\n\n* Preheat oven to 350Â°F (175Â°C). Grease and flour two 9-inch round cake pans.\n\n**2. Combine Dry Ingredients:**\n\n* In a large bowl, whisk together flour, sugar, cocoa powder, baking soda, baking powder, and salt.\n\n**3. Mix Wet Ingredients:**\n\n* In a separate bowl, combine buttermilk, oil, eggs, and vanilla extract.\n\n**4. Combine Wet and Dry Ingredients:**\n\n* Gradually add the wet ingredients to the dry ingredients, mixing on low speed until just combined.\n\n**5. Add Boiling Water:**\n\n* Carefully pour in the boiling water and mix until smooth. The batter will be thin.\n\n**6. Bake:**\n\n* Pour the batter evenly into the prepared pans.\n* Bake for 30-35 minutes, or until a toothpick inserted into the center comes out clean.\n\n**7. Cool:**\n\n* Let the cakes cool in the pans for 10 minutes before inverting them onto wire racks to cool completely.\n\n**8. Make the Frosting:**\n\n* In a large bowl, cream together butter and powdered sugar until light and fluffy.\n* Beat in cocoa powder, milk, and vanilla extract until smooth.\n\n**9. Frost the Cake:**\n\n* Once the cakes are completely cooled, frost one layer with about half of the frosting. Top with the second cake layer and frost the entire cake with the remaining frosting.\n\n**10. Decorate (Optional):**\n\n* Get creative! Sprinkle with chocolate shavings, chopped nuts, or fresh berries.\n\n\n**Tips:**\n\n* For a richer flavor, use Dutch-processed cocoa powder.\n* Don't overmix the batter, as this can result in a tough cake.\n* Let the cakes cool completely before frosting to prevent the frosting from melting.\n* Store leftover cake in an airtight container at room temperature for up to 3 days.\n\n\n\nEnjoy your delicious homemade chocolate cake!"
"gemma2:27b-instruct-fp16","00:00:25.4711990","1.0032038748892982","What is the capital of France?","The capital of France is **Paris**. ðŸ‡«ðŸ‡· \n"
"gemma2:27b-instruct-fp16","00:05:38.0075436","0.9346950100567685","How to tie a necktie","## How to Tie a Necktie: The Four-in-Hand Knot\n\nThis is a classic, easy-to-learn knot that's perfect for beginners. \n\n**Here's what you'll need:**\n\n* A necktie\n* A mirror (optional but helpful)\n\n**Steps:**\n\n1. **Start with the wide end of the tie on your right side, extending about 12 inches lower than the narrow end.**\n\n2. **Cross the wide end over the narrow end.**\n\n3. **Bring the wide end up and under the loop around your neck.**\n\n4. **Bring the wide end down through the loop you just created in front.**\n\n5. **Hold the knot loosely with your index finger, and slide the knot up to your collar.**\n\n6. **Adjust the knot by pulling on the narrow end until it's snug but comfortable.**\n\n\n**Tips:**\n\n* Practice makes perfect! Don't get discouraged if you don't get it right away.\n* Use a mirror to help you see what you're doing.\n* Make sure the knot is centered and sits comfortably against your collar.\n* The dimple just below the knot adds a touch of sophistication.\n\n**Visual Aid:**\n\nFor a visual guide, search for ""Four-in-Hand Knot"" on YouTube or Google Images. There are many helpful videos and diagrams available.\n\n\n\nLet me know if you'd like to learn another tie knot!"
"gemma2:27b-instruct-fp16","00:11:41.8953634","0.9278221223459274","Develop a budgeting tool that helps users manage their monthly expenses. Your tool should: \n1. Categorize expenses into essentials, savings, and discretionary spending.\n2. Allow users to input their monthly income and distribute it across these categories.\n3. Suggest percentages for each category based on best practices.\n4. Provide a simple interface for tracking and adjusting expenses throughout the month.\n5. Generate a summary report of spending vs. income at the end of each month.","I can't create a fully functional budgeting tool within this text-based environment. However, I can provide you with a conceptual outline and Python code snippets to guide you in building such a tool:\n\n**1. Conceptual Outline:**\n\n* **Data Structure:** Use dictionaries or lists to store income, expenses, and category percentages.\n* **Input:**  Implement functions to get user input for monthly income, expense amounts, and desired category allocations.\n* **Categorization:** Define functions to categorize expenses based on user input or predefined rules (e.g., ""rent"" is essential, ""entertainment"" is discretionary).\n* **Percentage Suggestions:** Use default percentages based on common budgeting guidelines (50/30/20 rule: 50% essentials, 30% discretionary, 20% savings) and allow users to customize them.\n* **Tracking & Adjustment:** Create a loop or interactive menu system to let users add expenses throughout the month and see updated balances.\n* **Reporting:** Generate a summary report at the end of the month showing income, expenses per category, total spending, and any surplus/deficit.\n\n**2. Python Code Snippets (Illustrative):**\n\n```python\n# Example: Expense Categories\nexpense_categories = {\n    ""essentials"": [""rent"", ""groceries"", ""utilities""],\n    ""savings"": [""emergency fund"", ""retirement""],\n    ""discretionary"": [""dining out"", ""entertainment"", ""travel""]\n}\n\n# Function to get user income\ndef get_income():\n  while True:\n    try:\n      income = float(input(""Enter your monthly income: ""))\n      if income > 0:\n        return income\n      else:\n        print(""Income must be positive."")\n    except ValueError:\n      print(""Invalid input. Please enter a number."")\n\n# Function to categorize an expense (example)\ndef categorize_expense(description):\n  # Implement logic based on keywords or user-defined rules\n  if ""rent"" in description:\n    return ""essentials""\n  elif ""entertainment"" in description:\n    return ""discretionary""\n  else:\n    return ""unknown""\n\n# ... (Add functions for tracking expenses, adjusting allocations, generating reports) \n```\n\n**3. Interface:**\n\nYou can use a simple text-based interface with `input()` and `print()` statements or explore graphical user interface (GUI) libraries like Tkinter, PyQt, or Kivy for a more visually appealing experience.\n\n**4. Additional Features:**\n\n* **Expense Tracking History:** Store past month's data to analyze spending patterns.\n* **Goal Setting:** Allow users to set financial goals and track progress.\n* **Alerts & Notifications:** Send reminders about upcoming bills or budget overspending.\n* **Data Visualization:** Use libraries like Matplotlib or Seaborn to create charts and graphs for better insights.\n\n**Remember:** This is a basic framework. Building a robust budgeting tool requires careful planning, error handling, data persistence (saving data between sessions), and potentially integration with external financial APIs."
